{
	"era": "diesel",
	"name": "INFRA Minitrain",
	"works": "Stalburg Mass Transit",
	"modeler": "Loiste Interactive (ported by ThePiGuy24)",
	"model": "immersiverailroading:models/rolling_stock/locomotives/infra_trains/minitrain_002.obj",
	"darken_model": "-0.1",
	"properties": {
		"fuel_efficiency_%": 99.8,
		"fuel_capacity_l": 500,
		"horsepower": 100,
		"tractive_effort_lbf": 5000,
		"max_speed_kmh": 50,
		"weight_kg": 500
	},
	"passenger": {
		"slots": 1,
		"center_x": -1.9,
		"center_y": 0.7,
		"length": 0.6,
		"width": 1,
		"should_sit": false
	},
	"trucks": {
		"front": 0.8, 
		"rear": -1
	},
	"couplers": {
		"front_offset": -0.09,
		"rear_offset": -0.09
	},
	"sounds": {
		"idle": "sounds/diesel/infra_trains/minitrain_002.ogg"
	}
}
