{
	"name": "INFRA Minitrain Car 2",
	"works": "TurnipCo (probably not lore friendly)",
	"modeler": "Loiste Interactive (ported by ThePiGuy24)",
	"model": "immersiverailroading:models/rolling_stock/passenger/infra_trains/minitrain_car_002.obj",
	"model_gauge_m": 0.9144,
	"darken_model": "-0.1",
	"properties": {
		"weight_kg": 400
	},
	"passenger": {
		"slots": 6,
		"center_x": 0,
		"center_y": 0.6,
		"length": 1.2,
		"width": 1.1,
		"should_sit": false
	},
	"trucks": {
		"front": 1.1,
		"rear": -1.1
	},
	"couplers": {
		"front_offset": -0.09,
		"rear_offset": -0.09
	},
	"sounds": {
		"idle": "sounds/diesel/infra_trains/minitrain_002.ogg"
	}
}
