{
	"era": "diesel",
	"name": "INFRA Loda Train (Open Sewer)",
	"works": "TurnipCo",
	"modeler": "Loiste Interactive (ported by ThePiGuy24)",
	"model": "immersiverailroading:models/rolling_stock/locomotives/infra_trains/lodatrain.obj",
	"darken_model": "-0.1",
	"properties": {
		"fuel_efficiency_%": 99.5,
		"fuel_capacity_l": 3000,
		"horsepower": 90,
		"tractive_effort_lbf": 3000,
		"max_speed_kmh": 120,
		"weight_kg": 1500
	},
	"passenger": {
		"slots": 5,
		"center_x": -0.4,
		"center_y": 1,
		"length": 1.1,
		"width": 1.6,
		"should_sit": true
	},
	"trucks": {
		"front": 2, 
		"rear": -1.5
	},
	"couplers": {
		"front_offset": 0.1,
		"rear_offset": 0.1
	},
	"sounds": {
		"idle": "sounds/diesel/infra_trains/minitrain_002.ogg"
	}
}
