{
	"era": "diesel",
	"name": "INFRA Metro Service Car",
	"works": "Stalburg Mass Transit",
	"modeler": "Loiste Interactive (ported by ThePiGuy24)",
	"model": "immersiverailroading:models/rolling_stock/locomotives/infra_trains/servicetrain.obj",
	"darken_model": "-0.1",
	"properties": {
		"fuel_efficiency_%": 99.5,
		"fuel_capacity_l": 3000,
		"horsepower": 200,
		"tractive_effort_lbf": 5000,
		"max_speed_kmh": 80,
		"weight_kg": 2000
	},
	"passenger": {
		"slots": 10,
		"center_x": 0,
		"center_y": 1.2,
		"length": 2.6,
		"width": 2.5,
		"should_sit": false
	},
	"trucks": {
		"front": 1.9, 
		"rear": -1.9
	},
	"couplers": {
		"front_offset": -0.5,
		"rear_offset": -0.5
	},
	"sounds": {
		"idle": "sounds/diesel/infra_trains/minitrain_002.ogg"
	}
}
