{
	"era": "diesel",
	"name": "INFRA Diesel Locomotive",
	"works": "Stalburg Rail (or something like that)",
	"modeler": "Loiste Interactive (ported by ThePiGuy24)",
	"model": "immersiverailroading:models/rolling_stock/locomotives/infra_trains/dieseltrain.obj",
	"darken_model": "-0.1",
	"properties": {
		"fuel_efficiency_%": 99.5,
		"fuel_capacity_l": 8000,
		"horsepower": 900,
		"tractive_effort_lbf": 13000,
		"max_speed_kmh": 80,
		"weight_kg": 15000
	},
	"passenger": {
		"slots": 4,
		"center_x": -1.5,
		"center_y": 2,
		"length": 1.5,
		"width": 2.5,
		"should_sit": false
	},
	"trucks": {
		"front": 2.8, 
		"rear": -2.6
	},
	"couplers": {
		"front_offset": -0.3,
		"rear_offset": -0.3
	},
	"sounds": {
		"idle": "sounds/diesel/infra_trains/minitrain_002.ogg"
	}
}
