{
	"name": "INFRA Train Car 5",
	"works": "Stalburg Mass Transit",
	"modeler": "Loiste Interactive (ported by ThePiGuy24)",
	"model": "immersiverailroading:models/rolling_stock/freight/infra_trains/train_car_05.obj",
	"darken_model": "-0.1",
	"properties": {
		"weight_kg": 28000
	},
	"passenger": {
		"slots": 6,
		"center_x": 0,
		"center_y": 1.8,
		"length": 8.6,
		"width": 2.8,
		"should_sit": false
	},
	"freight": {
		"slots": 30,
		"width": 15,
		"cargo": ["all"]
	},
	"trucks": {
		"front": 6.3,
		"rear": -6.3 
	},
	"couplers": {
		"front_offset": -0.09,
		"rear_offset": -0.09
	}
}
